wall_time_iso,monotonic_s,t_elapsed_s,mode,countermeasure,raw_distance_cm,raw_distance_m,raw_signal_quality,filtered_distance_cm,filtered_distance_m,filtered_signal_quality,covariance,countermeasure_action,min_cm,max_cm
2026-05-11T21:53:41.453477,39409.777794,0.000040,normal,none,251,2.5100,100,251,2.5100,100,1,none,5,4000
2026-05-11T21:53:41.472484,39409.797865,0.020112,normal,none,249,2.4900,100,249,2.4900,100,1,none,5,4000
2026-05-11T21:53:41.492469,39409.817859,0.040105,normal,none,251,2.5100,100,251,2.5100,100,1,none,5,4000
2026-05-11T21:53:41.512544,39409.837926,0.060172,normal,none,250,2.5000,100,250,2.5000,100,1,none,5,4000
2026-05-11T21:53:41.532681,39409.857931,0.080177,normal,none,249,2.4900,100,249,2.4900,100,1,none,5,4000
2026-05-11T21:53:41.552660,39409.877923,0.100169,normal,none,252,2.5200,100,252,2.5200,100,1,none,5,4000
2026-05-11T21:53:41.572845,39409.897951,0.120197,normal,none,250,2.5000,100,250,2.5000,100,1,none,5,4000
2026-05-11T21:53:41.592796,39409.917951,0.140197,normal,none,252,2.5200,100,252,2.5200,100,1,none,5,4000
2026-05-11T21:53:41.612844,39409.937956,0.160203,normal,none,248,2.4800,100,248,2.4800,100,1,none,5,4000
2026-05-11T21:53:41.632629,39409.957846,0.180092,normal,none,249,2.4900,100,249,2.4900,100,1,none,5,4000
2026-05-11T21:53:41.652689,39409.977936,0.200182,normal,none,250,2.5000,100,250,2.5000,100,1,none,5,4000
2026-05-11T21:53:41.672723,39409.997936,0.220182,normal,none,251,2.5100,100,251,2.5100,100,1,none,5,4000
2026-05-11T21:53:41.692877,39410.017989,0.240235,normal,none,251,2.5100,100,251,2.5100,100,1,none,5,4000
2026-05-11T21:53:41.712782,39410.037942,0.260188,normal,none,252,2.5200,100,252,2.5200,100,1,none,5,4000
2026-05-11T21:53:41.732653,39410.057937,0.280183,normal,none,249,2.4900,100,249,2.4900,100,1,none,5,4000
2026-05-11T21:53:41.752754,39410.077978,0.300224,normal,none,249,2.4900,100,249,2.4900,100,1,none,5,4000
2026-05-11T21:53:41.772794,39410.097972,0.320218,normal,none,250,2.5000,100,250,2.5000,100,1,none,5,4000
2026-05-11T21:53:41.792788,39410.117864,0.340110,normal,none,250,2.5000,100,250,2.5000,100,1,none,5,4000
2026-05-11T21:53:41.812942,39410.137989,0.360235,normal,none,249,2.4900,100,249,2.4900,100,1,none,5,4000
2026-05-11T21:53:41.832889,39410.157985,0.380231,normal,none,250,2.5000,100,250,2.5000,100,1,none,5,4000
2026-05-11T21:53:41.852938,39410.177992,0.400238,normal,none,251,2.5100,100,251,2.5100,100,1,none,5,4000
2026-05-11T21:53:41.872944,39410.197951,0.420197,normal,none,250,2.5000,100,250,2.5000,100,1,none,5,4000
2026-05-11T21:53:41.892887,39410.217984,0.440230,normal,none,250,2.5000,100,250,2.5000,100,1,none,5,4000
2026-05-11T21:53:41.912768,39410.237943,0.460189,normal,none,252,2.5200,100,252,2.5200,100,1,none,5,4000
2026-05-11T21:53:41.932757,39410.257900,0.480146,normal,none,248,2.4800,100,248,2.4800,100,1,none,5,4000
2026-05-11T21:53:41.953043,39410.278031,0.500278,normal,none,249,2.4900,100,249,2.4900,100,1,none,5,4000
2026-05-11T21:53:41.973098,39410.298010,0.520256,normal,none,248,2.4800,100,248,2.4800,100,1,none,5,4000
2026-05-11T21:53:41.993007,39410.317960,0.540206,normal,none,249,2.4900,100,249,2.4900,100,1,none,5,4000
2026-05-11T21:53:42.012719,39410.337931,0.560177,normal,none,250,2.5000,100,250,2.5000,100,1,none,5,4000
2026-05-11T21:53:42.032903,39410.357956,0.580202,normal,none,251,2.5100,100,251,2.5100,100,1,none,5,4000
2026-05-11T21:53:42.052962,39410.377893,0.600139,normal,none,250,2.5000,100,250,2.5000,100,1,none,5,4000
2026-05-11T21:53:42.072937,39410.398007,0.620253,normal,none,250,2.5000,100,250,2.5000,100,1,none,5,4000
2026-05-11T21:53:42.092858,39410.417973,0.640219,normal,none,250,2.5000,100,250,2.5000,100,1,none,5,4000
2026-05-11T21:53:42.112892,39410.437988,0.660234,normal,none,250,2.5000,100,250,2.5000,100,1,none,5,4000
2026-05-11T21:53:42.133025,39410.457999,0.680245,normal,none,251,2.5100,100,251,2.5100,100,1,none,5,4000
2026-05-11T21:53:42.152487,39410.477830,0.700076,normal,none,249,2.4900,100,249,2.4900,100,1,none,5,4000
2026-05-11T21:53:42.172623,39410.497886,0.720132,normal,none,250,2.5000,100,250,2.5000,100,1,none,5,4000
2026-05-11T21:53:42.192862,39410.517986,0.740232,normal,none,251,2.5100,100,251,2.5100,100,1,none,5,4000
2026-05-11T21:53:42.212906,39410.537997,0.760243,normal,none,249,2.4900,100,249,2.4900,100,1,none,5,4000
2026-05-11T21:53:42.232734,39410.557960,0.780206,normal,none,250,2.5000,100,250,2.5000,100,1,none,5,4000
2026-05-11T21:53:42.252629,39410.577971,0.800218,normal,none,250,2.5000,100,250,2.5000,100,1,none,5,4000
2026-05-11T21:53:42.272864,39410.597979,0.820225,normal,none,248,2.4800,100,248,2.4800,100,1,none,5,4000
2026-05-11T21:53:42.293032,39410.618006,0.840252,normal,none,250,2.5000,100,250,2.5000,100,1,none,5,4000
2026-05-11T21:53:42.312716,39410.637873,0.860119,normal,none,248,2.4800,100,248,2.4800,100,1,none,5,4000
2026-05-11T21:53:42.332845,39410.657981,0.880227,normal,none,252,2.5200,100,252,2.5200,100,1,none,5,4000
2026-05-11T21:53:42.353011,39410.678001,0.900247,normal,none,249,2.4900,100,249,2.4900,100,1,none,5,4000
2026-05-11T21:53:42.372856,39410.697882,0.920128,normal,none,250,2.5000,100,250,2.5000,100,1,none,5,4000
2026-05-11T21:53:42.392777,39410.717879,0.940125,normal,none,250,2.5000,100,250,2.5000,100,1,none,5,4000
2026-05-11T21:53:42.412835,39410.737986,0.960233,normal,none,248,2.4800,100,248,2.4800,100,1,none,5,4000
2026-05-11T21:53:42.432949,39410.758025,0.980272,normal,none,251,2.5100,100,251,2.5100,100,1,none,5,4000
2026-05-11T21:53:42.453023,39410.778002,1.000248,normal,none,250,2.5000,100,250,2.5000,100,1,none,5,4000
2026-05-11T21:53:42.472745,39410.797966,1.020212,normal,none,249,2.4900,100,249,2.4900,100,1,none,5,4000
2026-05-11T21:53:42.492780,39410.817908,1.040154,normal,none,250,2.5000,100,250,2.5000,100,1,none,5,4000
2026-05-11T21:53:42.512701,39410.837920,1.060166,normal,none,250,2.5000,100,250,2.5000,100,1,none,5,4000
2026-05-11T21:53:42.532957,39410.858027,1.080274,normal,none,250,2.5000,100,250,2.5000,100,1,none,5,4000
2026-05-11T21:53:42.553098,39410.878021,1.100267,normal,none,251,2.5100,100,251,2.5100,100,1,none,5,4000
2026-05-11T21:53:42.572983,39410.897963,1.120210,normal,none,249,2.4900,100,249,2.4900,100,1,none,5,4000
2026-05-11T21:53:42.592967,39410.917995,1.140241,normal,none,251,2.5100,100,251,2.5100,100,1,none,5,4000
2026-05-11T21:53:42.612995,39410.938003,1.160249,normal,none,251,2.5100,100,251,2.5100,100,1,none,5,4000
2026-05-11T21:53:42.633009,39410.958005,1.180251,normal,none,249,2.4900,100,249,2.4900,100,1,none,5,4000
2026-05-11T21:53:42.652929,39410.977988,1.200234,normal,none,251,2.5100,100,251,2.5100,100,1,none,5,4000
2026-05-11T21:53:42.672817,39410.997876,1.220122,normal,none,250,2.5000,100,250,2.5000,100,1,none,5,4000
2026-05-11T21:53:42.692955,39411.017994,1.240240,normal,none,251,2.5100,100,251,2.5100,100,1,none,5,4000
2026-05-11T21:53:42.712855,39411.037874,1.260120,normal,none,249,2.4900,100,249,2.4900,100,1,none,5,4000
2026-05-11T21:53:42.732998,39411.058003,1.280249,normal,none,249,2.4900,100,249,2.4900,100,1,none,5,4000
2026-05-11T21:53:42.752631,39411.077846,1.300092,normal,none,252,2.5200,100,252,2.5200,100,1,none,5,4000
2026-05-11T21:53:42.772637,39411.097912,1.320159,normal,none,252,2.5200,100,252,2.5200,100,1,none,5,4000
2026-05-11T21:53:42.792588,39411.117919,1.340165,normal,none,250,2.5000,100,250,2.5000,100,1,none,5,4000
2026-05-11T21:53:42.812713,39411.137953,1.360199,normal,none,251,2.5100,100,251,2.5100,100,1,none,5,4000
2026-05-11T21:53:42.832543,39411.157912,1.380158,normal,none,251,2.5100,100,251,2.5100,100,1,none,5,4000
2026-05-11T21:53:42.852964,39411.177995,1.400241,normal,none,252,2.5200,100,252,2.5200,100,1,none,5,4000
2026-05-11T21:53:42.872849,39411.198022,1.420268,normal,none,249,2.4900,100,249,2.4900,100,1,none,5,4000
2026-05-11T21:53:42.893087,39411.218006,1.440252,normal,none,250,2.5000,100,250,2.5000,100,1,none,5,4000
2026-05-11T21:53:42.912783,39411.237976,1.460222,normal,none,248,2.4800,100,248,2.4800,100,1,none,5,4000
2026-05-11T21:53:42.932894,39411.257979,1.480225,normal,none,252,2.5200,100,252,2.5200,100,1,none,5,4000
2026-05-11T21:53:42.953089,39411.278017,1.500263,normal,none,250,2.5000,100,250,2.5000,100,1,none,5,4000
2026-05-11T21:53:42.972876,39411.297877,1.520123,normal,none,249,2.4900,100,249,2.4900,100,1,none,5,4000
2026-05-11T21:53:42.992676,39411.317849,1.540095,normal,none,250,2.5000,100,250,2.5000,100,1,none,5,4000
2026-05-11T21:53:43.012879,39411.337997,1.560243,normal,none,251,2.5100,100,251,2.5100,100,1,none,5,4000
2026-05-11T21:53:43.032990,39411.358028,1.580274,normal,none,250,2.5000,100,250,2.5000,100,1,none,5,4000
2026-05-11T21:53:43.052984,39411.377969,1.600216,normal,none,250,2.5000,100,250,2.5000,100,1,none,5,4000
2026-05-11T21:53:43.072763,39411.397983,1.620229,normal,none,252,2.5200,100,252,2.5200,100,1,none,5,4000
2026-05-11T21:53:43.092906,39411.417989,1.640235,normal,none,248,2.4800,100,248,2.4800,100,1,none,5,4000
2026-05-11T21:53:43.113011,39411.438055,1.660301,normal,none,250,2.5000,100,250,2.5000,100,1,none,5,4000
2026-05-11T21:53:43.133021,39411.458001,1.680247,normal,none,249,2.4900,100,249,2.4900,100,1,none,5,4000
2026-05-11T21:53:43.152604,39411.477972,1.700218,normal,none,249,2.4900,100,249,2.4900,100,1,none,5,4000
2026-05-11T21:53:43.172717,39411.497907,1.720153,normal,none,249,2.4900,100,249,2.4900,100,1,none,5,4000
2026-05-11T21:53:43.192923,39411.517992,1.740238,normal,none,250,2.5000,100,250,2.5000,100,1,none,5,4000
2026-05-11T21:53:43.213007,39411.537966,1.760212,normal,none,250,2.5000,100,250,2.5000,100,1,none,5,4000
2026-05-11T21:53:43.232904,39411.557989,1.780235,normal,none,250,2.5000,100,250,2.5000,100,1,none,5,4000
2026-05-11T21:53:43.252768,39411.577884,1.800130,normal,none,251,2.5100,100,251,2.5100,100,1,none,5,4000
2026-05-11T21:53:43.272798,39411.597884,1.820130,normal,none,250,2.5000,100,250,2.5000,100,1,none,5,4000
2026-05-11T21:53:43.292941,39411.617955,1.840201,normal,none,249,2.4900,100,249,2.4900,100,1,none,5,4000
2026-05-11T21:53:43.312792,39411.637972,1.860218,normal,none,250,2.5000,100,250,2.5000,100,1,none,5,4000
2026-05-11T21:53:43.332840,39411.657975,1.880221,normal,none,251,2.5100,100,251,2.5100,100,1,none,5,4000
2026-05-11T21:53:43.352909,39411.677984,1.900230,normal,none,252,2.5200,100,252,2.5200,100,1,none,5,4000
2026-05-11T21:53:43.373013,39411.698002,1.920248,normal,none,250,2.5000,100,250,2.5000,100,1,none,5,4000
2026-05-11T21:53:43.392820,39411.717878,1.940124,normal,none,249,2.4900,100,249,2.4900,100,1,none,5,4000
2026-05-11T21:53:43.412836,39411.737982,1.960228,normal,none,250,2.5000,100,250,2.5000,100,1,none,5,4000
2026-05-11T21:53:43.432905,39411.757995,1.980241,normal,none,248,2.4800,100,248,2.4800,100,1,none,5,4000
2026-05-11T21:53:43.453020,39411.777999,2.000245,normal,none,249,2.4900,100,249,2.4900,100,1,none,5,4000
2026-05-11T21:53:43.472982,39411.798003,2.020249,normal,none,250,2.5000,100,250,2.5000,100,1,none,5,4000
2026-05-11T21:53:43.492742,39411.817958,2.040204,normal,none,250,2.5000,100,250,2.5000,100,1,none,5,4000
2026-05-11T21:53:43.512878,39411.837993,2.060239,normal,none,250,2.5000,100,250,2.5000,100,1,none,5,4000
2026-05-11T21:53:43.532969,39411.857998,2.080244,normal,none,250,2.5000,100,250,2.5000,100,1,none,5,4000
2026-05-11T21:53:43.553092,39411.878010,2.100256,normal,none,250,2.5000,100,250,2.5000,100,1,none,5,4000
2026-05-11T21:53:43.572696,39411.897865,2.120111,normal,none,251,2.5100,100,251,2.5100,100,1,none,5,4000
2026-05-11T21:53:43.592678,39411.917844,2.140090,normal,none,250,2.5000,100,250,2.5000,100,1,none,5,4000
2026-05-11T21:53:43.612790,39411.937991,2.160237,normal,none,248,2.4800,100,248,2.4800,100,1,none,5,4000
2026-05-11T21:53:43.632725,39411.957994,2.180241,normal,none,250,2.5000,100,250,2.5000,100,1,none,5,4000
2026-05-11T21:53:43.652792,39411.978022,2.200268,normal,none,250,2.5000,100,250,2.5000,100,1,none,5,4000
2026-05-11T21:53:43.672609,39411.997855,2.220102,normal,none,249,2.4900,100,249,2.4900,100,1,none,5,4000
2026-05-11T21:53:43.692679,39412.017855,2.240101,normal,none,251,2.5100,100,251,2.5100,100,1,none,5,4000
2026-05-11T21:53:43.712825,39412.037950,2.260196,normal,none,248,2.4800,100,248,2.4800,100,1,none,5,4000
2026-05-11T21:53:43.732624,39412.057853,2.280099,normal,none,249,2.4900,100,249,2.4900,100,1,none,5,4000
2026-05-11T21:53:43.752573,39412.077856,2.300102,normal,none,250,2.5000,100,250,2.5000,100,1,none,5,4000
2026-05-11T21:53:43.772600,39412.097832,2.320078,normal,none,248,2.4800,100,248,2.4800,100,1,none,5,4000
2026-05-11T21:53:43.792640,39412.117851,2.340097,normal,none,252,2.5200,100,252,2.5200,100,1,none,5,4000
2026-05-11T21:53:43.812754,39412.137846,2.360092,normal,none,249,2.4900,100,249,2.4900,100,1,none,5,4000
2026-05-11T21:53:43.832651,39412.157857,2.380103,normal,none,251,2.5100,100,251,2.5100,100,1,none,5,4000
2026-05-11T21:53:43.852767,39412.177963,2.400209,normal,none,251,2.5100,100,251,2.5100,100,1,none,5,4000
2026-05-11T21:53:43.872835,39412.197953,2.420199,normal,none,250,2.5000,100,250,2.5000,100,1,none,5,4000
2026-05-11T21:53:43.892746,39412.217860,2.440106,normal,none,250,2.5000,100,250,2.5000,100,1,none,5,4000
2026-05-11T21:53:43.912836,39412.237958,2.460204,normal,none,250,2.5000,100,250,2.5000,100,1,none,5,4000
2026-05-11T21:53:43.932600,39412.257856,2.480102,normal,none,250,2.5000,100,250,2.5000,100,1,none,5,4000
2026-05-11T21:53:43.952618,39412.277856,2.500102,normal,none,249,2.4900,100,249,2.4900,100,1,none,5,4000
2026-05-11T21:53:43.972591,39412.297858,2.520104,normal,none,250,2.5000,100,250,2.5000,100,1,none,5,4000
2026-05-11T21:53:43.992469,39412.317846,2.540092,normal,none,251,2.5100,100,251,2.5100,100,1,none,5,4000
2026-05-11T21:53:44.012478,39412.337843,2.560089,normal,none,250,2.5000,100,250,2.5000,100,1,none,5,4000
2026-05-11T21:53:44.032630,39412.357850,2.580096,normal,none,249,2.4900,100,249,2.4900,100,1,none,5,4000
2026-05-11T21:53:44.052783,39412.377850,2.600096,normal,none,250,2.5000,100,250,2.5000,100,1,none,5,4000
2026-05-11T21:53:44.072649,39412.397851,2.620097,normal,none,249,2.4900,100,249,2.4900,100,1,none,5,4000
2026-05-11T21:53:44.092562,39412.417849,2.640095,normal,none,250,2.5000,100,250,2.5000,100,1,none,5,4000
2026-05-11T21:53:44.112583,39412.437833,2.660079,normal,none,251,2.5100,100,251,2.5100,100,1,none,5,4000
2026-05-11T21:53:44.132734,39412.457946,2.680192,normal,none,250,2.5000,100,250,2.5000,100,1,none,5,4000
2026-05-11T21:53:44.152571,39412.477927,2.700173,normal,none,250,2.5000,100,250,2.5000,100,1,none,5,4000
2026-05-11T21:53:44.172657,39412.497929,2.720175,normal,none,250,2.5000,100,250,2.5000,100,1,none,5,4000
2026-05-11T21:53:44.192749,39412.517946,2.740192,normal,none,250,2.5000,100,250,2.5000,100,1,none,5,4000
2026-05-11T21:53:44.212770,39412.537944,2.760190,normal,none,250,2.5000,100,250,2.5000,100,1,none,5,4000
2026-05-11T21:53:44.232808,39412.557964,2.780210,normal,none,249,2.4900,100,249,2.4900,100,1,none,5,4000
2026-05-11T21:53:44.252668,39412.577936,2.800183,normal,none,250,2.5000,100,250,2.5000,100,1,none,5,4000
2026-05-11T21:53:44.272658,39412.597845,2.820091,normal,none,251,2.5100,100,251,2.5100,100,1,none,5,4000
2026-05-11T21:53:44.292824,39412.617968,2.840214,normal,none,248,2.4800,100,248,2.4800,100,1,none,5,4000
2026-05-11T21:53:44.312871,39412.637972,2.860218,normal,none,250,2.5000,100,250,2.5000,100,1,none,5,4000
2026-05-11T21:53:44.332768,39412.657952,2.880198,normal,none,251,2.5100,100,251,2.5100,100,1,none,5,4000
2026-05-11T21:53:44.352654,39412.677936,2.900182,normal,none,250,2.5000,100,250,2.5000,100,1,none,5,4000
2026-05-11T21:53:44.372693,39412.697942,2.920188,normal,none,249,2.4900,100,249,2.4900,100,1,none,5,4000
2026-05-11T21:53:44.392825,39412.717986,2.940232,normal,none,250,2.5000,100,250,2.5000,100,1,none,5,4000
2026-05-11T21:53:44.412825,39412.737869,2.960115,normal,none,247,2.4700,100,247,2.4700,100,1,none,5,4000
2026-05-11T21:53:44.432709,39412.757864,2.980111,normal,none,249,2.4900,100,249,2.4900,100,1,none,5,4000
2026-05-11T21:53:44.452652,39412.777865,3.000112,normal,none,250,2.5000,100,250,2.5000,100,1,none,5,4000
2026-05-11T21:53:44.472723,39412.797860,3.020106,normal,none,250,2.5000,100,250,2.5000,100,1,none,5,4000
2026-05-11T21:53:44.492840,39412.817946,3.040192,normal,none,250,2.5000,100,250,2.5000,100,1,none,5,4000
2026-05-11T21:53:44.512573,39412.837859,3.060105,normal,none,250,2.5000,100,250,2.5000,100,1,none,5,4000
2026-05-11T21:53:44.532469,39412.857854,3.080100,normal,none,250,2.5000,100,250,2.5000,100,1,none,5,4000
2026-05-11T21:53:44.552637,39412.877943,3.100189,normal,none,250,2.5000,100,250,2.5000,100,1,none,5,4000
2026-05-11T21:53:44.572788,39412.897939,3.120185,normal,none,249,2.4900,100,249,2.4900,100,1,none,5,4000
2026-05-11T21:53:44.592774,39412.917941,3.140187,normal,none,250,2.5000,100,250,2.5000,100,1,none,5,4000
2026-05-11T21:53:44.612691,39412.937944,3.160190,normal,none,250,2.5000,100,250,2.5000,100,1,none,5,4000
2026-05-11T21:53:44.632745,39412.957969,3.180216,normal,none,250,2.5000,100,250,2.5000,100,1,none,5,4000
2026-05-11T21:53:44.652801,39412.977953,3.200199,normal,none,249,2.4900,100,249,2.4900,100,1,none,5,4000
2026-05-11T21:53:44.672797,39412.997926,3.220172,normal,none,250,2.5000,100,250,2.5000,100,1,none,5,4000
2026-05-11T21:53:44.692729,39413.017940,3.240186,normal,none,248,2.4800,100,248,2.4800,100,1,none,5,4000
2026-05-11T21:53:44.712595,39413.037869,3.260115,normal,none,249,2.4900,100,249,2.4900,100,1,none,5,4000
2026-05-11T21:53:44.732780,39413.057953,3.280199,normal,none,249,2.4900,100,249,2.4900,100,1,none,5,4000
2026-05-11T21:53:44.752849,39413.077969,3.300215,normal,none,250,2.5000,100,250,2.5000,100,1,none,5,4000
2026-05-11T21:53:44.772597,39413.097858,3.320104,normal,none,249,2.4900,100,249,2.4900,100,1,none,5,4000
2026-05-11T21:53:44.792598,39413.117855,3.340101,normal,none,252,2.5200,100,252,2.5200,100,1,none,5,4000
2026-05-11T21:53:44.812680,39413.137852,3.360098,normal,none,250,2.5000,100,250,2.5000,100,1,none,5,4000
2026-05-11T21:53:44.832715,39413.157854,3.380100,normal,none,250,2.5000,100,250,2.5000,100,1,none,5,4000
2026-05-11T21:53:44.852719,39413.177929,3.400175,normal,none,250,2.5000,100,250,2.5000,100,1,none,5,4000
2026-05-11T21:53:44.872623,39413.197857,3.420103,normal,none,249,2.4900,100,249,2.4900,100,1,none,5,4000
2026-05-11T21:53:44.892839,39413.217946,3.440192,normal,none,250,2.5000,100,250,2.5000,100,1,none,5,4000
2026-05-11T21:53:44.912817,39413.237945,3.460191,normal,none,250,2.5000,100,250,2.5000,100,1,none,5,4000
2026-05-11T21:53:44.932471,39413.257858,3.480104,normal,none,251,2.5100,100,251,2.5100,100,1,none,5,4000
2026-05-11T21:53:44.952610,39413.277993,3.500239,normal,none,251,2.5100,100,251,2.5100,100,1,none,5,4000
2026-05-11T21:53:44.972547,39413.297928,3.520174,normal,none,252,2.5200,100,252,2.5200,100,1,none,5,4000
2026-05-11T21:53:44.992580,39413.317835,3.540081,normal,none,250,2.5000,100,250,2.5000,100,1,none,5,4000
2026-05-11T21:53:45.012662,39413.337970,3.560216,normal,none,250,2.5000,100,250,2.5000,100,1,none,5,4000
2026-05-11T21:53:45.032540,39413.357927,3.580173,normal,none,251,2.5100,100,251,2.5100,100,1,none,5,4000
2026-05-11T21:53:45.052546,39413.377924,3.600170,normal,none,251,2.5100,100,251,2.5100,100,1,none,5,4000
2026-05-11T21:53:45.072484,39413.397868,3.620114,normal,none,251,2.5100,100,251,2.5100,100,1,none,5,4000
2026-05-11T21:53:45.092515,39413.417847,3.640093,normal,none,250,2.5000,100,250,2.5000,100,1,none,5,4000
2026-05-11T21:53:45.112558,39413.437932,3.660178,normal,none,250,2.5000,100,250,2.5000,100,1,none,5,4000
2026-05-11T21:53:45.132542,39413.457927,3.680173,normal,none,251,2.5100,100,251,2.5100,100,1,none,5,4000
2026-05-11T21:53:45.152484,39413.477868,3.700114,normal,none,249,2.4900,100,249,2.4900,100,1,none,5,4000
2026-05-11T21:53:45.172491,39413.497871,3.720117,normal,none,250,2.5000,100,250,2.5000,100,1,none,5,4000
2026-05-11T21:53:45.192544,39413.517926,3.740172,normal,none,251,2.5100,100,251,2.5100,100,1,none,5,4000
2026-05-11T21:53:45.212536,39413.537923,3.760169,normal,none,250,2.5000,100,250,2.5000,100,1,none,5,4000
2026-05-11T21:53:45.232562,39413.557951,3.780197,normal,none,250,2.5000,100,250,2.5000,100,1,none,5,4000
2026-05-11T21:53:45.252579,39413.577924,3.800170,normal,none,251,2.5100,100,251,2.5100,100,1,none,5,4000
2026-05-11T21:53:45.272758,39413.597946,3.820192,normal,none,250,2.5000,100,250,2.5000,100,1,none,5,4000
2026-05-11T21:53:45.292678,39413.617928,3.840174,normal,none,249,2.4900,100,249,2.4900,100,1,none,5,4000
2026-05-11T21:53:45.312667,39413.637855,3.860101,normal,none,249,2.4900,100,249,2.4900,100,1,none,5,4000
2026-05-11T21:53:45.332775,39413.657947,3.880193,normal,none,251,2.5100,100,251,2.5100,100,1,none,5,4000
2026-05-11T21:53:45.352734,39413.677940,3.900186,normal,none,250,2.5000,100,250,2.5000,100,1,none,5,4000
2026-05-11T21:53:45.372583,39413.697852,3.920098,normal,none,250,2.5000,100,250,2.5000,100,1,none,5,4000
2026-05-11T21:53:45.392593,39413.717855,3.940101,normal,none,250,2.5000,100,250,2.5000,100,1,none,5,4000
2026-05-11T21:53:45.412702,39413.737863,3.960109,normal,none,250,2.5000,100,250,2.5000,100,1,none,5,4000
2026-05-11T21:53:45.432513,39413.757853,3.980099,normal,none,250,2.5000,100,250,2.5000,100,1,none,5,4000
2026-05-11T21:53:45.452619,39413.777932,4.000178,normal,none,251,2.5100,100,251,2.5100,100,1,none,5,4000
2026-05-11T21:53:45.472486,39413.797854,4.020100,normal,none,251,2.5100,100,251,2.5100,100,1,none,5,4000
2026-05-11T21:53:45.492450,39413.817819,4.040065,normal,none,253,2.5300,100,253,2.5300,100,1,none,5,4000
2026-05-11T21:53:45.512544,39413.837915,4.060161,normal,none,248,2.4800,100,248,2.4800,100,1,none,5,4000
2026-05-11T21:53:45.532506,39413.857857,4.080103,normal,none,249,2.4900,100,249,2.4900,100,1,none,5,4000
2026-05-11T21:53:45.552462,39413.877848,4.100094,normal,none,251,2.5100,100,251,2.5100,100,1,none,5,4000
2026-05-11T21:53:45.572524,39413.897850,4.120096,normal,none,250,2.5000,100,250,2.5000,100,1,none,5,4000
2026-05-11T21:53:45.592489,39413.917857,4.140104,normal,none,250,2.5000,100,250,2.5000,100,1,none,5,4000
2026-05-11T21:53:45.612465,39413.937819,4.160065,normal,none,249,2.4900,100,249,2.4900,100,1,none,5,4000
2026-05-11T21:53:45.632552,39413.957934,4.180180,normal,none,249,2.4900,100,249,2.4900,100,1,none,5,4000
2026-05-11T21:53:45.652549,39413.977940,4.200187,normal,none,249,2.4900,100,249,2.4900,100,1,none,5,4000
2026-05-11T21:53:45.672476,39413.997859,4.220105,normal,none,250,2.5000,100,250,2.5000,100,1,none,5,4000
2026-05-11T21:53:45.692475,39414.017821,4.240067,normal,none,249,2.4900,100,249,2.4900,100,1,none,5,4000
2026-05-11T21:53:45.712592,39414.037953,4.260199,normal,none,250,2.5000,100,250,2.5000,100,1,none,5,4000
2026-05-11T21:53:45.732578,39414.057935,4.280181,normal,none,251,2.5100,100,251,2.5100,100,1,none,5,4000
2026-05-11T21:53:45.752646,39414.077933,4.300179,normal,none,249,2.4900,100,249,2.4900,100,1,none,5,4000
2026-05-11T21:53:45.772693,39414.097926,4.320172,normal,none,250,2.5000,100,250,2.5000,100,1,none,5,4000
2026-05-11T21:53:45.792538,39414.117854,4.340100,normal,none,251,2.5100,100,251,2.5100,100,1,none,5,4000
2026-05-11T21:53:45.812788,39414.137938,4.360184,normal,none,249,2.4900,100,249,2.4900,100,1,none,5,4000
2026-05-11T21:53:45.832822,39414.157912,4.380158,normal,none,250,2.5000,100,250,2.5000,100,1,none,5,4000
2026-05-11T21:53:45.852849,39414.177899,4.400145,normal,none,249,2.4900,100,249,2.4900,100,1,none,5,4000
2026-05-11T21:53:45.872486,39414.197828,4.420075,normal,none,251,2.5100,100,251,2.5100,100,1,none,5,4000
2026-05-11T21:53:45.892505,39414.217828,4.440075,normal,none,251,2.5100,100,251,2.5100,100,1,none,5,4000
2026-05-11T21:53:45.912468,39414.237822,4.460068,normal,none,249,2.4900,100,249,2.4900,100,1,none,5,4000
2026-05-11T21:53:45.932570,39414.257882,4.480128,normal,none,251,2.5100,100,251,2.5100,100,1,none,5,4000
2026-05-11T21:53:45.952453,39414.277821,4.500067,normal,none,251,2.5100,100,251,2.5100,100,1,none,5,4000
2026-05-11T21:53:45.972539,39414.297831,4.520077,normal,none,249,2.4900,100,249,2.4900,100,1,none,5,4000
2026-05-11T21:53:45.992660,39414.317883,4.540129,normal,none,250,2.5000,100,250,2.5000,100,1,none,5,4000
2026-05-11T21:53:46.012503,39414.337857,4.560103,normal,none,250,2.5000,100,250,2.5000,100,1,none,5,4000
2026-05-11T21:53:46.032571,39414.357937,4.580183,normal,none,248,2.4800,100,248,2.4800,100,1,none,5,4000
2026-05-11T21:53:46.052627,39414.377922,4.600168,normal,none,250,2.5000,100,250,2.5000,100,1,none,5,4000
2026-05-11T21:53:46.072584,39414.397914,4.620161,normal,none,250,2.5000,100,250,2.5000,100,1,none,5,4000
2026-05-11T21:53:46.092645,39414.417946,4.640192,normal,none,249,2.4900,100,249,2.4900,100,1,none,5,4000
2026-05-11T21:53:46.112455,39414.437818,4.660064,normal,none,248,2.4800,100,248,2.4800,100,1,none,5,4000
2026-05-11T21:53:46.132477,39414.457848,4.680094,normal,none,250,2.5000,100,250,2.5000,100,1,none,5,4000
2026-05-11T21:53:46.152538,39414.477925,4.700171,normal,none,250,2.5000,100,250,2.5000,100,1,none,5,4000
2026-05-11T21:53:46.172576,39414.497952,4.720198,normal,none,250,2.5000,100,250,2.5000,100,1,none,5,4000
2026-05-11T21:53:46.192471,39414.517861,4.740107,normal,none,250,2.5000,100,250,2.5000,100,1,none,5,4000
2026-05-11T21:53:46.212455,39414.537850,4.760096,normal,none,250,2.5000,100,250,2.5000,100,1,none,5,4000
2026-05-11T21:53:46.232435,39414.557817,4.780063,normal,none,249,2.4900,100,249,2.4900,100,1,none,5,4000
2026-05-11T21:53:46.252456,39414.577850,4.800096,normal,none,249,2.4900,100,249,2.4900,100,1,none,5,4000
2026-05-11T21:53:46.272475,39414.597863,4.820109,normal,none,249,2.4900,100,249,2.4900,100,1,none,5,4000
2026-05-11T21:53:46.292579,39414.617927,4.840173,normal,none,250,2.5000,100,250,2.5000,100,1,none,5,4000
2026-05-11T21:53:46.312556,39414.637926,4.860172,normal,none,251,2.5100,100,251,2.5100,100,1,none,5,4000
2026-05-11T21:53:46.332517,39414.657849,4.880095,normal,none,251,2.5100,100,251,2.5100,100,1,none,5,4000
2026-05-11T21:53:46.352791,39414.677950,4.900196,normal,none,250,2.5000,100,250,2.5000,100,1,none,5,4000
2026-05-11T21:53:46.372663,39414.697932,4.920178,normal,none,249,2.4900,100,249,2.4900,100,1,none,5,4000
2026-05-11T21:53:46.392676,39414.717932,4.940178,normal,none,250,2.5000,100,250,2.5000,100,1,none,5,4000
2026-05-11T21:53:46.412720,39414.737929,4.960175,normal,none,251,2.5100,100,251,2.5100,100,1,none,5,4000
2026-05-11T21:53:46.432855,39414.757959,4.980205,normal,none,249,2.4900,100,249,2.4900,100,1,none,5,4000
2026-05-11T21:53:46.452769,39414.777954,5.000200,normal,none,251,2.5100,100,251,2.5100,100,1,none,5,4000
2026-05-11T21:53:46.472501,39414.797873,5.020119,normal,none,251,2.5100,100,251,2.5100,100,1,none,5,4000
2026-05-11T21:53:46.492712,39414.817878,5.040124,normal,none,250,2.5000,100,250,2.5000,100,1,none,5,4000
2026-05-11T21:53:46.512679,39414.837847,5.060093,normal,none,251,2.5100,100,251,2.5100,100,1,none,5,4000
2026-05-11T21:53:46.532735,39414.857858,5.080104,normal,none,251,2.5100,100,251,2.5100,100,1,none,5,4000
2026-05-11T21:53:46.552681,39414.877853,5.100099,normal,none,251,2.5100,100,251,2.5100,100,1,none,5,4000
2026-05-11T21:53:46.572709,39414.897960,5.120206,normal,none,251,2.5100,100,251,2.5100,100,1,none,5,4000
2026-05-11T21:53:46.592671,39414.917861,5.140108,normal,none,249,2.4900,100,249,2.4900,100,1,none,5,4000
2026-05-11T21:53:46.612537,39414.937837,5.160083,normal,none,252,2.5200,100,252,2.5200,100,1,none,5,4000
2026-05-11T21:53:46.632676,39414.957868,5.180114,normal,none,248,2.4800,100,248,2.4800,100,1,none,5,4000
2026-05-11T21:53:46.652555,39414.977845,5.200091,normal,none,250,2.5000,100,250,2.5000,100,1,none,5,4000
2026-05-11T21:53:46.672554,39414.997844,5.220090,normal,none,249,2.4900,100,249,2.4900,100,1,none,5,4000
2026-05-11T21:53:46.692696,39415.017853,5.240099,normal,none,251,2.5100,100,251,2.5100,100,1,none,5,4000
2026-05-11T21:53:46.712689,39415.037854,5.260100,normal,none,251,2.5100,100,251,2.5100,100,1,none,5,4000
2026-05-11T21:53:46.732682,39415.057851,5.280097,normal,none,251,2.5100,100,251,2.5100,100,1,none,5,4000
2026-05-11T21:53:46.752516,39415.077862,5.300108,normal,none,248,2.4800,100,248,2.4800,100,1,none,5,4000
2026-05-11T21:53:46.772836,39415.097949,5.320195,normal,none,249,2.4900,100,249,2.4900,100,1,none,5,4000
2026-05-11T21:53:46.792701,39415.117862,5.340108,normal,none,247,2.4700,100,247,2.4700,100,1,none,5,4000
2026-05-11T21:53:46.812893,39415.137947,5.360193,normal,none,250,2.5000,100,250,2.5000,100,1,none,5,4000
2026-05-11T21:53:46.832668,39415.157927,5.380173,normal,none,250,2.5000,100,250,2.5000,100,1,none,5,4000
2026-05-11T21:53:46.852725,39415.177863,5.400109,normal,none,246,2.4600,100,246,2.4600,100,1,none,5,4000
2026-05-11T21:53:46.872693,39415.197852,5.420098,normal,none,248,2.4800,100,248,2.4800,100,1,none,5,4000
2026-05-11T21:53:46.892688,39415.217844,5.440090,normal,none,249,2.4900,100,249,2.4900,100,1,none,5,4000
2026-05-11T21:53:46.912596,39415.237830,5.460076,normal,none,249,2.4900,100,249,2.4900,100,1,none,5,4000
2026-05-11T21:53:46.932662,39415.257841,5.480088,normal,none,249,2.4900,100,249,2.4900,100,1,none,5,4000
2026-05-11T21:53:46.952691,39415.277853,5.500099,normal,none,249,2.4900,100,249,2.4900,100,1,none,5,4000
2026-05-11T21:53:46.972636,39415.297851,5.520098,normal,none,250,2.5000,100,250,2.5000,100,1,none,5,4000
2026-05-11T21:53:46.992683,39415.317940,5.540186,normal,none,248,2.4800,100,248,2.4800,100,1,none,5,4000
2026-05-11T21:53:47.012585,39415.337852,5.560098,normal,none,249,2.4900,100,249,2.4900,100,1,none,5,4000
2026-05-11T21:53:47.032827,39415.357951,5.580197,normal,none,250,2.5000,100,250,2.5000,100,1,none,5,4000
2026-05-11T21:53:47.052916,39415.377950,5.600196,normal,none,249,2.4900,100,249,2.4900,100,1,none,5,4000
2026-05-11T21:53:47.072506,39415.397830,5.620077,normal,none,251,2.5100,100,251,2.5100,100,1,none,5,4000
2026-05-11T21:53:47.092556,39415.417842,5.640088,normal,none,251,2.5100,100,251,2.5100,100,1,none,5,4000
2026-05-11T21:53:47.112510,39415.437841,5.660087,normal,none,251,2.5100,100,251,2.5100,100,1,none,5,4000
2026-05-11T21:53:47.132567,39415.457847,5.680093,normal,none,249,2.4900,100,249,2.4900,100,1,none,5,4000
2026-05-11T21:53:47.152571,39415.477852,5.700098,normal,none,250,2.5000,100,250,2.5000,100,1,none,5,4000
2026-05-11T21:53:47.172680,39415.497841,5.720087,normal,none,251,2.5100,100,251,2.5100,100,1,none,5,4000
2026-05-11T21:53:47.192638,39415.517861,5.740107,normal,none,249,2.4900,100,249,2.4900,100,1,none,5,4000
2026-05-11T21:53:47.212635,39415.537845,5.760091,normal,none,249,2.4900,100,249,2.4900,100,1,none,5,4000
2026-05-11T21:53:47.232806,39415.557923,5.780169,normal,none,252,2.5200,100,252,2.5200,100,1,none,5,4000
2026-05-11T21:53:47.252579,39415.577848,5.800094,normal,none,249,2.4900,100,249,2.4900,100,1,none,5,4000
2026-05-11T21:53:47.272576,39415.597855,5.820101,normal,none,252,2.5200,100,252,2.5200,100,1,none,5,4000
2026-05-11T21:53:47.292941,39415.617956,5.840202,normal,none,248,2.4800,100,248,2.4800,100,1,none,5,4000
2026-05-11T21:53:47.312789,39415.637859,5.860105,normal,none,249,2.4900,100,249,2.4900,100,1,none,5,4000
2026-05-11T21:53:47.332604,39415.657858,5.880104,normal,none,250,2.5000,100,250,2.5000,100,1,none,5,4000
2026-05-11T21:53:47.352570,39415.677843,5.900089,normal,none,250,2.5000,100,250,2.5000,100,1,none,5,4000
2026-05-11T21:53:47.372561,39415.697845,5.920091,normal,none,250,2.5000,100,250,2.5000,100,1,none,5,4000
2026-05-11T21:53:47.392585,39415.717833,5.940079,normal,none,250,2.5000,100,250,2.5000,100,1,none,5,4000
2026-05-11T21:53:47.412877,39415.737937,5.960183,normal,none,249,2.4900,100,249,2.4900,100,1,none,5,4000
2026-05-11T21:53:47.432585,39415.757853,5.980099,normal,none,251,2.5100,100,251,2.5100,100,1,none,5,4000
2026-05-11T21:53:47.452572,39415.777844,6.000090,normal,none,251,2.5100,100,251,2.5100,100,1,none,5,4000
2026-05-11T21:53:47.472814,39415.797940,6.020186,normal,none,250,2.5000,100,250,2.5000,100,1,none,5,4000
2026-05-11T21:53:47.492731,39415.817860,6.040106,normal,none,252,2.5200,100,252,2.5200,100,1,none,5,4000
2026-05-11T21:53:47.512544,39415.837851,6.060097,normal,none,250,2.5000,100,250,2.5000,100,1,none,5,4000
2026-05-11T21:53:47.532552,39415.857842,6.080088,normal,none,250,2.5000,100,250,2.5000,100,1,none,5,4000
2026-05-11T21:53:47.552614,39415.877834,6.100080,normal,none,251,2.5100,100,251,2.5100,100,1,none,5,4000
2026-05-11T21:53:47.572566,39415.897853,6.120099,normal,none,249,2.4900,100,249,2.4900,100,1,none,5,4000
2026-05-11T21:53:47.592478,39415.917846,6.140092,normal,none,248,2.4800,100,248,2.4800,100,1,none,5,4000
2026-05-11T21:53:47.612468,39415.937819,6.160065,normal,none,250,2.5000,100,250,2.5000,100,1,none,5,4000
2026-05-11T21:53:47.632475,39415.957854,6.180100,normal,none,250,2.5000,100,250,2.5000,100,1,none,5,4000
2026-05-11T21:53:47.652478,39415.977825,6.200071,normal,none,249,2.4900,100,249,2.4900,100,1,none,5,4000
2026-05-11T21:53:47.672549,39415.997856,6.220102,normal,none,250,2.5000,100,250,2.5000,100,1,none,5,4000
2026-05-11T21:53:47.692516,39416.017829,6.240075,normal,none,250,2.5000,100,250,2.5000,100,1,none,5,4000
2026-05-11T21:53:47.712475,39416.037823,6.260069,normal,none,249,2.4900,100,249,2.4900,100,1,none,5,4000
2026-05-11T21:53:47.732535,39416.057859,6.280105,normal,none,249,2.4900,100,249,2.4900,100,1,none,5,4000
2026-05-11T21:53:47.752593,39416.077935,6.300181,normal,none,252,2.5200,100,252,2.5200,100,1,none,5,4000
2026-05-11T21:53:47.772475,39416.097850,6.320096,normal,none,250,2.5000,100,250,2.5000,100,1,none,5,4000
2026-05-11T21:53:47.792551,39416.117858,6.340104,normal,none,250,2.5000,100,250,2.5000,100,1,none,5,4000
2026-05-11T21:53:47.812663,39416.137909,6.360155,normal,none,251,2.5100,100,251,2.5100,100,1,none,5,4000
2026-05-11T21:53:47.832543,39416.157856,6.380102,normal,none,252,2.5200,100,252,2.5200,100,1,none,5,4000
2026-05-11T21:53:47.852489,39416.177824,6.400070,normal,none,251,2.5100,100,251,2.5100,100,1,none,5,4000
2026-05-11T21:53:47.872538,39416.197869,6.420115,normal,none,252,2.5200,100,252,2.5200,100,1,none,5,4000
2026-05-11T21:53:47.892629,39416.217868,6.440114,normal,none,249,2.4900,100,249,2.4900,100,1,none,5,4000
2026-05-11T21:53:47.912643,39416.237849,6.460095,normal,none,251,2.5100,100,251,2.5100,100,1,none,5,4000
2026-05-11T21:53:47.932613,39416.257862,6.480108,normal,none,251,2.5100,100,251,2.5100,100,1,none,5,4000
2026-05-11T21:53:47.952553,39416.277932,6.500178,normal,none,251,2.5100,100,251,2.5100,100,1,none,5,4000
2026-05-11T21:53:47.972573,39416.297940,6.520186,normal,none,250,2.5000,100,250,2.5000,100,1,none,5,4000
2026-05-11T21:53:47.992672,39416.317888,6.540134,normal,none,249,2.4900,100,249,2.4900,100,1,none,5,4000
2026-05-11T21:53:48.012484,39416.337825,6.560071,normal,none,250,2.5000,100,250,2.5000,100,1,none,5,4000
2026-05-11T21:53:48.032469,39416.357823,6.580069,normal,none,249,2.4900,100,249,2.4900,100,1,none,5,4000
2026-05-11T21:53:48.052564,39416.377835,6.600081,normal,none,250,2.5000,100,250,2.5000,100,1,none,5,4000
2026-05-11T21:53:48.072471,39416.397852,6.620098,normal,none,250,2.5000,100,250,2.5000,100,1,none,5,4000
2026-05-11T21:53:48.092469,39416.417851,6.640097,normal,none,249,2.4900,100,249,2.4900,100,1,none,5,4000
2026-05-11T21:53:48.112591,39416.437915,6.660161,normal,none,251,2.5100,100,251,2.5100,100,1,none,5,4000
2026-05-11T21:53:48.132600,39416.457921,6.680167,normal,none,249,2.4900,100,249,2.4900,100,1,none,5,4000
2026-05-11T21:53:48.152470,39416.477851,6.700097,normal,none,251,2.5100,100,251,2.5100,100,1,none,5,4000
2026-05-11T21:53:48.172544,39416.497849,6.720095,normal,none,250,2.5000,100,250,2.5000,100,1,none,5,4000
2026-05-11T21:53:48.192507,39416.517878,6.740124,normal,none,249,2.4900,100,249,2.4900,100,1,none,5,4000
2026-05-11T21:53:48.212466,39416.537819,6.760065,normal,none,251,2.5100,100,251,2.5100,100,1,none,5,4000
2026-05-11T21:53:48.232470,39416.557821,6.780067,normal,none,250,2.5000,100,250,2.5000,100,1,none,5,4000
2026-05-11T21:53:48.252528,39416.577831,6.800077,normal,none,249,2.4900,100,249,2.4900,100,1,none,5,4000
2026-05-11T21:53:48.272462,39416.597850,6.820096,normal,none,249,2.4900,100,249,2.4900,100,1,none,5,4000
2026-05-11T21:53:48.292443,39416.617819,6.840065,normal,none,250,2.5000,100,250,2.5000,100,1,none,5,4000
2026-05-11T21:53:48.312508,39416.637826,6.860072,normal,none,249,2.4900,100,249,2.4900,100,1,none,5,4000
2026-05-11T21:53:48.332521,39416.657864,6.880110,normal,none,250,2.5000,100,250,2.5000,100,1,none,5,4000
2026-05-11T21:53:48.352636,39416.677926,6.900172,normal,none,250,2.5000,100,250,2.5000,100,1,none,5,4000
2026-05-11T21:53:48.372824,39416.697967,6.920213,normal,none,251,2.5100,100,251,2.5100,100,1,none,5,4000
2026-05-11T21:53:48.392852,39416.717873,6.940119,normal,none,249,2.4900,100,249,2.4900,100,1,none,5,4000
2026-05-11T21:53:48.412836,39416.737874,6.960120,normal,none,251,2.5100,100,251,2.5100,100,1,none,5,4000
2026-05-11T21:53:48.432737,39416.757973,6.980219,normal,none,251,2.5100,100,251,2.5100,100,1,none,5,4000
2026-05-11T21:53:48.452841,39416.777872,7.000118,normal,none,250,2.5000,100,250,2.5000,100,1,none,5,4000
2026-05-11T21:53:48.472660,39416.797849,7.020095,normal,none,249,2.4900,100,249,2.4900,100,1,none,5,4000
2026-05-11T21:53:48.492872,39416.817884,7.040130,normal,none,250,2.5000,100,250,2.5000,100,1,none,5,4000
2026-05-11T21:53:48.512831,39416.837870,7.060116,normal,none,250,2.5000,100,250,2.5000,100,1,none,5,4000
2026-05-11T21:53:48.532656,39416.857845,7.080091,normal,none,249,2.4900,100,249,2.4900,100,1,none,5,4000
2026-05-11T21:53:48.552578,39416.877859,7.100105,normal,none,250,2.5000,100,250,2.5000,100,1,none,5,4000
2026-05-11T21:53:48.572610,39416.897839,7.120085,normal,none,250,2.5000,100,250,2.5000,100,1,none,5,4000
2026-05-11T21:53:48.592725,39416.917919,7.140165,normal,none,250,2.5000,100,250,2.5000,100,1,none,5,4000
2026-05-11T21:53:48.612663,39416.937860,7.160106,normal,none,250,2.5000,100,250,2.5000,100,1,none,5,4000
2026-05-11T21:53:48.632658,39416.957892,7.180138,normal,none,252,2.5200,100,252,2.5200,100,1,none,5,4000
2026-05-11T21:53:48.652729,39416.977905,7.200152,normal,none,251,2.5100,100,251,2.5100,100,1,none,5,4000
2026-05-11T21:53:48.672871,39416.997879,7.220125,normal,none,251,2.5100,100,251,2.5100,100,1,none,5,4000
2026-05-11T21:53:48.693022,39417.018011,7.240257,normal,none,250,2.5000,100,250,2.5000,100,1,none,5,4000
2026-05-11T21:53:48.712637,39417.037928,7.260174,normal,none,250,2.5000,100,250,2.5000,100,1,none,5,4000
2026-05-11T21:53:48.732645,39417.057918,7.280164,normal,none,251,2.5100,100,251,2.5100,100,1,none,5,4000
2026-05-11T21:53:48.752986,39417.077956,7.300202,normal,none,250,2.5000,100,250,2.5000,100,1,none,5,4000
2026-05-11T21:53:48.772889,39417.097883,7.320129,normal,none,249,2.4900,100,249,2.4900,100,1,none,5,4000
2026-05-11T21:53:48.792648,39417.117900,7.340146,normal,none,251,2.5100,100,251,2.5100,100,1,none,5,4000
2026-05-11T21:53:48.812615,39417.137841,7.360088,normal,none,252,2.5200,100,252,2.5200,100,1,none,5,4000
2026-05-11T21:53:48.832627,39417.157882,7.380128,normal,none,248,2.4800,100,248,2.4800,100,1,none,5,4000
2026-05-11T21:53:48.852860,39417.177874,7.400120,normal,none,249,2.4900,100,249,2.4900,100,1,none,5,4000
2026-05-11T21:53:48.872685,39417.197898,7.420144,normal,none,250,2.5000,100,250,2.5000,100,1,none,5,4000
2026-05-11T21:53:48.892693,39417.217899,7.440145,normal,none,250,2.5000,100,250,2.5000,100,1,none,5,4000
2026-05-11T21:53:48.912753,39417.237923,7.460169,normal,none,250,2.5000,100,250,2.5000,100,1,none,5,4000
2026-05-11T21:53:48.932963,39417.257951,7.480197,normal,none,250,2.5000,100,250,2.5000,100,1,none,5,4000
2026-05-11T21:53:48.952912,39417.277980,7.500227,normal,none,250,2.5000,100,250,2.5000,100,1,none,5,4000
2026-05-11T21:53:48.972570,39417.297928,7.520174,normal,none,250,2.5000,100,250,2.5000,100,1,none,5,4000
2026-05-11T21:53:48.992776,39417.317850,7.540096,normal,none,250,2.5000,100,250,2.5000,100,1,none,5,4000
2026-05-11T21:53:49.012853,39417.337895,7.560141,normal,none,251,2.5100,100,251,2.5100,100,1,none,5,4000
2026-05-11T21:53:49.032699,39417.357859,7.580105,normal,none,251,2.5100,100,251,2.5100,100,1,none,5,4000
2026-05-11T21:53:49.053296,39417.378354,7.600601,normal,none,251,2.5100,100,251,2.5100,100,1,none,5,4000
2026-05-11T21:53:49.072570,39417.397850,7.620096,normal,none,250,2.5000,100,250,2.5000,100,1,none,5,4000
2026-05-11T21:53:49.092688,39417.417858,7.640104,normal,none,249,2.4900,100,249,2.4900,100,1,none,5,4000
2026-05-11T21:53:49.112696,39417.437861,7.660107,normal,none,251,2.5100,100,251,2.5100,100,1,none,5,4000
2026-05-11T21:53:49.132755,39417.457856,7.680102,normal,none,252,2.5200,100,252,2.5200,100,1,none,5,4000
2026-05-11T21:53:49.152612,39417.477852,7.700098,normal,none,250,2.5000,100,250,2.5000,100,1,none,5,4000
2026-05-11T21:53:49.172705,39417.497859,7.720105,normal,none,252,2.5200,100,252,2.5200,100,1,none,5,4000
2026-05-11T21:53:49.192832,39417.517958,7.740204,normal,none,247,2.4700,100,247,2.4700,100,1,none,5,4000
2026-05-11T21:53:49.212694,39417.537931,7.760177,normal,none,249,2.4900,100,249,2.4900,100,1,none,5,4000
2026-05-11T21:53:49.232602,39417.557855,7.780101,normal,none,250,2.5000,100,250,2.5000,100,1,none,5,4000
2026-05-11T21:53:49.252796,39417.577946,7.800192,normal,none,248,2.4800,100,248,2.4800,100,1,none,5,4000
2026-05-11T21:53:49.272604,39417.597862,7.820108,normal,none,250,2.5000,100,250,2.5000,100,1,none,5,4000
2026-05-11T21:53:49.292927,39417.617960,7.840206,normal,none,250,2.5000,100,250,2.5000,100,1,none,5,4000
2026-05-11T21:53:49.312717,39417.637956,7.860202,normal,none,251,2.5100,100,251,2.5100,100,1,none,5,4000
2026-05-11T21:53:49.332867,39417.657941,7.880188,normal,none,250,2.5000,100,250,2.5000,100,1,none,5,4000
2026-05-11T21:53:49.352754,39417.677867,7.900114,normal,none,250,2.5000,100,250,2.5000,100,1,none,5,4000
2026-05-11T21:53:49.372673,39417.697943,7.920190,normal,none,249,2.4900,100,249,2.4900,100,1,none,5,4000
2026-05-11T21:53:49.392714,39417.717950,7.940196,normal,none,251,2.5100,100,251,2.5100,100,1,none,5,4000
2026-05-11T21:53:49.412878,39417.737954,7.960200,normal,none,249,2.4900,100,249,2.4900,100,1,none,5,4000
2026-05-11T21:53:49.432729,39417.757937,7.980183,normal,none,250,2.5000,100,250,2.5000,100,1,none,5,4000
2026-05-11T21:53:49.452718,39417.777941,8.000187,normal,none,250,2.5000,100,250,2.5000,100,1,none,5,4000
2026-05-11T21:53:49.472619,39417.797924,8.020170,normal,none,252,2.5200,100,252,2.5200,100,1,none,5,4000
2026-05-11T21:53:49.492767,39417.817949,8.040195,normal,none,250,2.5000,100,250,2.5000,100,1,none,5,4000
2026-05-11T21:53:49.512898,39417.837960,8.060206,normal,none,250,2.5000,100,250,2.5000,100,1,none,5,4000
2026-05-11T21:53:49.532724,39417.857938,8.080184,normal,none,251,2.5100,100,251,2.5100,100,1,none,5,4000
2026-05-11T21:53:49.552761,39417.877933,8.100179,normal,none,250,2.5000,100,250,2.5000,100,1,none,5,4000
2026-05-11T21:53:49.572567,39417.897855,8.120101,normal,none,250,2.5000,100,250,2.5000,100,1,none,5,4000
2026-05-11T21:53:49.592586,39417.917880,8.140126,normal,none,249,2.4900,100,249,2.4900,100,1,none,5,4000
2026-05-11T21:53:49.612683,39417.937939,8.160185,normal,none,251,2.5100,100,251,2.5100,100,1,none,5,4000
2026-05-11T21:53:49.632556,39417.957853,8.180099,normal,none,251,2.5100,100,251,2.5100,100,1,none,5,4000
2026-05-11T21:53:49.652694,39417.977936,8.200182,normal,none,251,2.5100,100,251,2.5100,100,1,none,5,4000
2026-05-11T21:53:49.672878,39417.998026,8.220272,normal,none,250,2.5000,100,250,2.5000,100,1,none,5,4000
2026-05-11T21:53:49.692809,39418.017947,8.240193,normal,none,250,2.5000,100,250,2.5000,100,1,none,5,4000
2026-05-11T21:53:49.712590,39418.037857,8.260103,normal,none,248,2.4800,100,248,2.4800,100,1,none,5,4000
2026-05-11T21:53:49.732592,39418.057851,8.280097,normal,none,251,2.5100,100,251,2.5100,100,1,none,5,4000
2026-05-11T21:53:49.752681,39418.077872,8.300118,normal,none,250,2.5000,100,250,2.5000,100,1,none,5,4000
2026-05-11T21:53:49.773036,39418.097850,8.320096,normal,none,251,2.5100,100,251,2.5100,100,1,none,5,4000
2026-05-11T21:53:49.792820,39418.117945,8.340191,normal,none,251,2.5100,100,251,2.5100,100,1,none,5,4000
2026-05-11T21:53:49.812656,39418.137853,8.360099,normal,none,250,2.5000,100,250,2.5000,100,1,none,5,4000
2026-05-11T21:53:49.832753,39418.157858,8.380104,normal,none,251,2.5100,100,251,2.5100,100,1,none,5,4000
2026-05-11T21:53:49.852856,39418.177969,8.400216,normal,none,251,2.5100,100,251,2.5100,100,1,none,5,4000
2026-05-11T21:53:49.872643,39418.197932,8.420178,normal,none,250,2.5000,100,250,2.5000,100,1,none,5,4000
2026-05-11T21:53:49.892690,39418.217858,8.440104,normal,none,249,2.4900,100,249,2.4900,100,1,none,5,4000
2026-05-11T21:53:49.913195,39418.238357,8.460603,normal,none,252,2.5200,100,252,2.5200,100,1,none,5,4000
2026-05-11T21:53:49.932740,39418.257947,8.480193,normal,none,252,2.5200,100,252,2.5200,100,1,none,5,4000
2026-05-11T21:53:49.952598,39418.277857,8.500103,normal,none,249,2.4900,100,249,2.4900,100,1,none,5,4000
2026-05-11T21:53:49.972627,39418.297924,8.520170,normal,none,249,2.4900,100,249,2.4900,100,1,none,5,4000
2026-05-11T21:53:49.992794,39418.317951,8.540197,normal,none,248,2.4800,100,248,2.4800,100,1,none,5,4000
2026-05-11T21:53:50.012633,39418.337855,8.560101,normal,none,249,2.4900,100,249,2.4900,100,1,none,5,4000
2026-05-11T21:53:50.032645,39418.357924,8.580171,normal,none,250,2.5000,100,250,2.5000,100,1,none,5,4000
2026-05-11T21:53:50.052649,39418.377850,8.600096,normal,none,250,2.5000,100,250,2.5000,100,1,none,5,4000
2026-05-11T21:53:50.072539,39418.397847,8.620093,normal,none,251,2.5100,100,251,2.5100,100,1,none,5,4000
2026-05-11T21:53:50.092789,39418.417944,8.640190,normal,none,251,2.5100,100,251,2.5100,100,1,none,5,4000
2026-05-11T21:53:50.112551,39418.437849,8.660095,normal,none,252,2.5200,100,252,2.5200,100,1,none,5,4000
2026-05-11T21:53:50.132668,39418.457939,8.680185,normal,none,248,2.4800,100,248,2.4800,100,1,none,5,4000
2026-05-11T21:53:50.152548,39418.477844,8.700090,normal,none,250,2.5000,100,250,2.5000,100,1,none,5,4000
2026-05-11T21:53:50.172632,39418.497846,8.720092,normal,none,249,2.4900,100,249,2.4900,100,1,none,5,4000
2026-05-11T21:53:50.192529,39418.517850,8.740096,normal,none,249,2.4900,100,249,2.4900,100,1,none,5,4000
2026-05-11T21:53:50.212768,39418.537961,8.760207,normal,none,250,2.5000,100,250,2.5000,100,1,none,5,4000
2026-05-11T21:53:50.232620,39418.557858,8.780104,normal,none,248,2.4800,100,248,2.4800,100,1,none,5,4000
2026-05-11T21:53:50.252599,39418.577857,8.800103,normal,none,250,2.5000,100,250,2.5000,100,1,none,5,4000
2026-05-11T21:53:50.272802,39418.597952,8.820198,normal,none,253,2.5300,100,253,2.5300,100,1,none,5,4000
2026-05-11T21:53:50.292787,39418.617993,8.840240,normal,none,251,2.5100,100,251,2.5100,100,1,none,5,4000
2026-05-11T21:53:50.312638,39418.637858,8.860104,normal,none,249,2.4900,100,249,2.4900,100,1,none,5,4000
2026-05-11T21:53:50.332630,39418.657860,8.880106,normal,none,251,2.5100,100,251,2.5100,100,1,none,5,4000
2026-05-11T21:53:50.352734,39418.677855,8.900102,normal,none,251,2.5100,100,251,2.5100,100,1,none,5,4000
2026-05-11T21:53:50.372565,39418.697856,8.920103,normal,none,251,2.5100,100,251,2.5100,100,1,none,5,4000
2026-05-11T21:53:50.392891,39418.717944,8.940191,normal,none,248,2.4800,100,248,2.4800,100,1,none,5,4000
2026-05-11T21:53:50.412591,39418.737860,8.960106,normal,none,250,2.5000,100,250,2.5000,100,1,none,5,4000
2026-05-11T21:53:50.432579,39418.757924,8.980170,normal,none,251,2.5100,100,251,2.5100,100,1,none,5,4000
2026-05-11T21:53:50.452507,39418.777825,9.000071,normal,none,251,2.5100,100,251,2.5100,100,1,none,5,4000
2026-05-11T21:53:50.472664,39418.797857,9.020103,normal,none,251,2.5100,100,251,2.5100,100,1,none,5,4000
2026-05-11T21:53:50.492725,39418.817866,9.040112,normal,none,251,2.5100,100,251,2.5100,100,1,none,5,4000
2026-05-11T21:53:50.512826,39418.837980,9.060226,normal,none,250,2.5000,100,250,2.5000,100,1,none,5,4000
2026-05-11T21:53:50.532738,39418.857938,9.080184,normal,none,249,2.4900,100,249,2.4900,100,1,none,5,4000
2026-05-11T21:53:50.552598,39418.877852,9.100098,normal,none,250,2.5000,100,250,2.5000,100,1,none,5,4000
2026-05-11T21:53:50.572524,39418.897850,9.120096,normal,none,251,2.5100,100,251,2.5100,100,1,none,5,4000
2026-05-11T21:53:50.592801,39418.917948,9.140194,normal,none,249,2.4900,100,249,2.4900,100,1,none,5,4000
2026-05-11T21:53:50.612684,39418.937939,9.160185,normal,none,250,2.5000,100,250,2.5000,100,1,none,5,4000
2026-05-11T21:53:50.632554,39418.957851,9.180097,normal,none,250,2.5000,100,250,2.5000,100,1,none,5,4000
2026-05-11T21:53:50.652592,39418.977852,9.200098,normal,none,249,2.4900,100,249,2.4900,100,1,none,5,4000
2026-05-11T21:53:50.672900,39418.997975,9.220221,normal,none,251,2.5100,100,251,2.5100,100,1,none,5,4000
2026-05-11T21:53:50.692895,39419.017952,9.240198,normal,none,249,2.4900,100,249,2.4900,100,1,none,5,4000
2026-05-11T21:53:50.712684,39419.037852,9.260098,normal,none,251,2.5100,100,251,2.5100,100,1,none,5,4000
2026-05-11T21:53:50.732622,39419.057928,9.280174,normal,none,250,2.5000,100,250,2.5000,100,1,none,5,4000
2026-05-11T21:53:50.752694,39419.077939,9.300185,normal,none,251,2.5100,100,251,2.5100,100,1,none,5,4000
2026-05-11T21:53:50.772608,39419.097854,9.320100,normal,none,251,2.5100,100,251,2.5100,100,1,none,5,4000
2026-05-11T21:53:50.792551,39419.117863,9.340109,normal,none,251,2.5100,100,251,2.5100,100,1,none,5,4000
2026-05-11T21:53:50.812781,39419.137955,9.360201,normal,none,250,2.5000,100,250,2.5000,100,1,none,5,4000
2026-05-11T21:53:50.832594,39419.157853,9.380099,normal,none,252,2.5200,100,252,2.5200,100,1,none,5,4000
2026-05-11T21:53:50.852685,39419.177850,9.400096,normal,none,250,2.5000,100,250,2.5000,100,1,none,5,4000
2026-05-11T21:53:50.872872,39419.197957,9.420203,normal,none,250,2.5000,100,250,2.5000,100,1,none,5,4000
2026-05-11T21:53:50.892897,39419.217950,9.440196,normal,none,250,2.5000,100,250,2.5000,100,1,none,5,4000
2026-05-11T21:53:50.912693,39419.237850,9.460096,normal,none,249,2.4900,100,249,2.4900,100,1,none,5,4000
2026-05-11T21:53:50.932739,39419.257869,9.480115,normal,none,250,2.5000,100,250,2.5000,100,1,none,5,4000
2026-05-11T21:53:50.952739,39419.277945,9.500191,normal,none,249,2.4900,100,249,2.4900,100,1,none,5,4000
2026-05-11T21:53:50.972543,39419.297851,9.520097,normal,none,251,2.5100,100,251,2.5100,100,1,none,5,4000
2026-05-11T21:53:50.992652,39419.317935,9.540181,normal,none,251,2.5100,100,251,2.5100,100,1,none,5,4000
2026-05-11T21:53:51.012681,39419.337854,9.560100,normal,none,250,2.5000,100,250,2.5000,100,1,none,5,4000
2026-05-11T21:53:51.032637,39419.357839,9.580085,normal,none,250,2.5000,100,250,2.5000,100,1,none,5,4000
2026-05-11T21:53:51.052581,39419.377848,9.600094,normal,none,250,2.5000,100,250,2.5000,100,1,none,5,4000
2026-05-11T21:53:51.072536,39419.397845,9.620091,normal,none,248,2.4800,100,248,2.4800,100,1,none,5,4000
2026-05-11T21:53:51.092562,39419.417830,9.640076,normal,none,250,2.5000,100,250,2.5000,100,1,none,5,4000
2026-05-11T21:53:51.112753,39419.437950,9.660196,normal,none,252,2.5200,100,252,2.5200,100,1,none,5,4000
2026-05-11T21:53:51.132466,39419.457848,9.680094,normal,none,250,2.5000,100,250,2.5000,100,1,none,5,4000
2026-05-11T21:53:51.152492,39419.477855,9.700101,normal,none,251,2.5100,100,251,2.5100,100,1,none,5,4000
2026-05-11T21:53:51.172563,39419.497831,9.720077,normal,none,251,2.5100,100,251,2.5100,100,1,none,5,4000
2026-05-11T21:53:51.192805,39419.517941,9.740188,normal,none,250,2.5000,100,250,2.5000,100,1,none,5,4000
2026-05-11T21:53:51.212716,39419.537864,9.760110,normal,none,251,2.5100,100,251,2.5100,100,1,none,5,4000
2026-05-11T21:53:51.232657,39419.557843,9.780089,normal,none,249,2.4900,100,249,2.4900,100,1,none,5,4000
2026-05-11T21:53:51.252589,39419.577919,9.800165,normal,none,251,2.5100,100,251,2.5100,100,1,none,5,4000
2026-05-11T21:53:51.272693,39419.597940,9.820186,normal,none,251,2.5100,100,251,2.5100,100,1,none,5,4000
2026-05-11T21:53:51.292753,39419.617853,9.840099,normal,none,250,2.5000,100,250,2.5000,100,1,none,5,4000
2026-05-11T21:53:51.312741,39419.637868,9.860114,normal,none,250,2.5000,100,250,2.5000,100,1,none,5,4000
2026-05-11T21:53:51.332667,39419.657932,9.880178,normal,none,248,2.4800,100,248,2.4800,100,1,none,5,4000
2026-05-11T21:53:51.352738,39419.677946,9.900192,normal,none,251,2.5100,100,251,2.5100,100,1,none,5,4000
2026-05-11T21:53:51.372707,39419.697849,9.920095,normal,none,249,2.4900,100,249,2.4900,100,1,none,5,4000
2026-05-11T21:53:51.392661,39419.717928,9.940174,normal,none,251,2.5100,100,251,2.5100,100,1,none,5,4000
2026-05-11T21:53:51.412712,39419.737942,9.960188,normal,none,249,2.4900,100,249,2.4900,100,1,none,5,4000
2026-05-11T21:53:51.432661,39419.757925,9.980172,normal,none,251,2.5100,100,251,2.5100,100,1,none,5,4000
